<?xml version="1.0" encoding="UTF-8"?>
<rss version="2.0" xmlns:atom="http://www.w3.org/2005/Atom">
  <channel>
    <title>LiberXue|FullStack|独立开发者|jekyll blog|GitHub blog</title>
    <description>Full Stack独立开发者|欢迎来到 LiberXue「角落」侃侃理想、谈谈人生、敲敲代码。</description>
    <link>http://localhost:4000</link>
    <atom:link href="http://localhost:4000/feed.xml" rel="self" type="application/rss+xml" />
    
      <item>
        <title>Redis,Memcache的区别和具体应用场景及选择</title>
        <category>负载均衡</category>
        <description>Memcached简介Memcached是以LiveJurnal旗下Danga Interactive公司的Bard Fitzpatric为首开发的高性能分布式内存缓存服务器。其本质上就是一个内...</description>
        <pubDate>2017-07-30 10:06:42 </pubDate>
        <link>http://localhost:4000/2017/07/30/memcacheandredis.html</link>
        <guid isPermaLink="true">http://localhost:4000/2017/07/30/memcacheandredis.html</guid>
      </item>
    
      <item>
        <title>Git忽略规则及.gitignore规则正确姿势</title>
        <category>git</category>
        <description>实现需求在git中如果想忽略掉某个文件或者文件夹，不想这个文件或者文件夹提交到版本库中，可以使用修改根目录中 .gitignore 文件的方法（如无，则需自己手工建立此文件）。这个文件每一行保存...</description>
        <pubDate>2017-07-16 23:45:56 </pubDate>
        <link>http://localhost:4000/2017/07/16/gitignore.html</link>
        <guid isPermaLink="true">http://localhost:4000/2017/07/16/gitignore.html</guid>
      </item>
    
      <item>
        <title>《美丽新世界》之幸福和自由思考</title>
        <category>书籍</category>
        <description>书中的美丽新世界，人不是父母生的，而是被培育出来的，人们没有照顾老人的烦恼，也没有婚姻的束缚，甚至不会变老，人们在六十岁的时候还像孩子一样青春靓丽。人们在几岁的时候就开始接受姓教育，成人以后任意...</description>
        <pubDate>2017-07-03 23:13:54 </pubDate>
        <link>http://localhost:4000/2017/07/03/meilideshijie.html</link>
        <guid isPermaLink="true">http://localhost:4000/2017/07/03/meilideshijie.html</guid>
      </item>
    
      <item>
        <title>瓦尔登湖liberxue一些所感所想和笔记书签</title>
        <category>书籍</category>
        <description>这就是作者写瓦尔登湖的目的，他希望每人各显其面、各行其事，找到各自的独特性和价值取向，万千世界要有不一样的面貌，不一样的味道，人是，更应是。当我们看到和自身不同的观点、习俗、人、事、物，不是驳斥...</description>
        <pubDate>2017-07-03 23:13:54 </pubDate>
        <link>http://localhost:4000/2017/07/03/waerdenghu.html</link>
        <guid isPermaLink="true">http://localhost:4000/2017/07/03/waerdenghu.html</guid>
      </item>
    
      <item>
        <title>毛姆《寻欢作乐》（百读文库）liberxue一些所感所想和笔记书签</title>
        <category>书籍</category>
        <description>背景来源《寻欢作乐》，并不是专门为了描述爱德华·德里菲尔德和阿尔罗伊·基尔这两个人物。年轻的时候，我跟本书中我称作罗西的那个年轻女人关系十分密切。她有重大的、令人恼怒的过错，但是她长得很美，人也...</description>
        <pubDate>2017-06-27 23:43:54 </pubDate>
        <link>http://localhost:4000/2017/06/27/xuanhuanzuole.html</link>
        <guid isPermaLink="true">http://localhost:4000/2017/06/27/xuanhuanzuole.html</guid>
      </item>
    
      <item>
        <title>思考快与慢</title>
        <category>书籍</category>
        <description>      晚饭后，我常常有跑步的习惯。坚持跑步让我感到精力充沛，既能保持精神的专注度，又利于提高身体的感应能力。我喜欢一边跑着一边思考，想一些简单的问题，总结一天的经历。快跑的时候并不适合想一...</description>
        <pubDate>2017-06-27 00:00:00 </pubDate>
        <link>http://localhost:4000/2017/06/27/sikaobook.html</link>
        <guid isPermaLink="true">http://localhost:4000/2017/06/27/sikaobook.html</guid>
      </item>
    
      <item>
        <title>看完三体，三体Ⅱ·黑暗森林，三体Ⅲ·死神永生全集一些所感所想</title>
        <category>书籍</category>
        <description>三体看完了，有些意犹未尽特别是在这么一个雨夜，好像和小雨一样，思绪万千，缠缠绵绵。三体这部小说，宏观讲到整个宇宙，微观谈到质子夸克，中及人性。在宇宙的尺度上，人类的历史微不可查，人类文明的发展也...</description>
        <pubDate>2017-06-20 00:00:00 </pubDate>
        <link>http://localhost:4000/2017/06/20/santibook.html</link>
        <guid isPermaLink="true">http://localhost:4000/2017/06/20/santibook.html</guid>
      </item>
    
      <item>
        <title>GitHub当作私密的版本控制系统远端版本库私有化哈</title>
        <category>git</category>
        <description>目的我打算把所有服务器的配置文件用git管理起来，这样可以记录配置变更状况。 但是有一个问题是，如何多人协作？服务器配置信息非常敏感，如果这个版本库泄漏，整个公司的服务器架构就彻底泄漏了。 这个...</description>
        <pubDate>2017-03-07 00:00:00 </pubDate>
        <link>http://localhost:4000/2017/03/07/githubyaunchengjiami.html</link>
        <guid isPermaLink="true">http://localhost:4000/2017/03/07/githubyaunchengjiami.html</guid>
      </item>
    
      <item>
        <title>liberxue读过书|在读的书</title>
        <category>书籍</category>
        <description>何其有幸。仅需短短几小时，至多几十个小时就能读完一本作家的心血结晶。感受他们的或磅礴思想、或悲欢离合，从文字中汲取养分与力量,感受他们的或磅礴思想、或悲欢离合，从文字中汲取养分与力量科普是现实和...</description>
        <pubDate>1970-01-01 00:00:00 </pubDate>
        <link>http://localhost:4000/1970/01/01/bookindex.html</link>
        <guid isPermaLink="true">http://localhost:4000/1970/01/01/bookindex.html</guid>
      </item>
    
  </channel>
</rss>
