<?xml version="1.0" encoding="utf-8"?><feed xmlns="http://www.w3.org/2005/Atom" ><generator uri="https://jekyllrb.com/" version="3.7.0">Jekyll</generator><link href="http://localhost:4000/feed.xml" rel="self" type="application/atom+xml" /><link href="http://localhost:4000/" rel="alternate" type="text/html" /><updated>2018-01-29T22:47:10+08:00</updated><id>http://localhost:4000/</id><title type="html">Hank Quinlan, Horrible Cop</title><entry><title type="html">Hank Quinlan, Horrible Cop, Launches Site</title><link href="http://localhost:4000/blog/2014/04/30/hank-quinlan-site-launched-%E5%89%AF%E6%9C%AC-(4)" rel="alternate" type="text/html" title="Hank Quinlan, Horrible Cop, Launches Site" /><published>2014-04-30T00:00:00+08:00</published><updated>2014-04-30T00:00:00+08:00</updated><id>http://localhost:4000/blog/2014/04/30/hank-quinlan-site-launched%20-%20%E5%89%AF%E6%9C%AC%20(4)</id><content type="html" xml:base="http://localhost:4000/blog/2014/04/30/hank-quinlan-site-launched-%E5%89%AF%E6%9C%AC-(4)">&lt;p&gt;Well. Finally got around to putting this old website together. Neat thing about it - powered by &lt;a href=&quot;http://jekyllrb.com&quot;&gt;Jekyll&lt;/a&gt; and I can use Markdown to author my posts. It actually is a lot easier than I thought it was going to be.&lt;/p&gt;</content><author><name></name></author><summary type="html">Well. Finally got around to putting this old website together. Neat thing about it - powered by Jekyll and I can use Markdown to author my posts. It actually is a lot easier than I thought it was going to be.</summary></entry><entry><title type="html">Hank Quinlan, Horrible Cop, Launches Site</title><link href="http://localhost:4000/blog/2014/04/30/hank-quinlan-site-launched-%E5%89%AF%E6%9C%AC-(3)" rel="alternate" type="text/html" title="Hank Quinlan, Horrible Cop, Launches Site" /><published>2014-04-30T00:00:00+08:00</published><updated>2014-04-30T00:00:00+08:00</updated><id>http://localhost:4000/blog/2014/04/30/hank-quinlan-site-launched%20-%20%E5%89%AF%E6%9C%AC%20(3)</id><content type="html" xml:base="http://localhost:4000/blog/2014/04/30/hank-quinlan-site-launched-%E5%89%AF%E6%9C%AC-(3)">&lt;p&gt;Well. Finally got around to putting this old website together. Neat thing about it - powered by &lt;a href=&quot;http://jekyllrb.com&quot;&gt;Jekyll&lt;/a&gt; and I can use Markdown to author my posts. It actually is a lot easier than I thought it was going to be.&lt;/p&gt;</content><author><name></name></author><summary type="html">Well. Finally got around to putting this old website together. Neat thing about it - powered by Jekyll and I can use Markdown to author my posts. It actually is a lot easier than I thought it was going to be.</summary></entry><entry><title type="html">Hank Quinlan, Horrible Cop, Launches Site</title><link href="http://localhost:4000/blog/2014/04/30/hank-quinlan-site-launched-%E5%89%AF%E6%9C%AC-(2)" rel="alternate" type="text/html" title="Hank Quinlan, Horrible Cop, Launches Site" /><published>2014-04-30T00:00:00+08:00</published><updated>2014-04-30T00:00:00+08:00</updated><id>http://localhost:4000/blog/2014/04/30/hank-quinlan-site-launched%20-%20%E5%89%AF%E6%9C%AC%20(2)</id><content type="html" xml:base="http://localhost:4000/blog/2014/04/30/hank-quinlan-site-launched-%E5%89%AF%E6%9C%AC-(2)">&lt;p&gt;Well. Finally got around to putting this old website together. Neat thing about it - powered by &lt;a href=&quot;http://jekyllrb.com&quot;&gt;Jekyll&lt;/a&gt; and I can use Markdown to author my posts. It actually is a lot easier than I thought it was going to be.&lt;/p&gt;</content><author><name></name></author><summary type="html">Well. Finally got around to putting this old website together. Neat thing about it - powered by Jekyll and I can use Markdown to author my posts. It actually is a lot easier than I thought it was going to be.</summary></entry><entry><title type="html">Hank Quinlan, Horrible Cop, Launches Site</title><link href="http://localhost:4000/blog/2014/04/30/hank-quinlan-site-launched" rel="alternate" type="text/html" title="Hank Quinlan, Horrible Cop, Launches Site" /><published>2014-04-30T00:00:00+08:00</published><updated>2014-04-30T00:00:00+08:00</updated><id>http://localhost:4000/blog/2014/04/30/hank-quinlan-site-launched</id><content type="html" xml:base="http://localhost:4000/blog/2014/04/30/hank-quinlan-site-launched">&lt;p&gt;Well. Finally got around to putting this old website together. Neat thing about it - powered by &lt;a href=&quot;http://jekyllrb.com&quot;&gt;Jekyll&lt;/a&gt; and I can use Markdown to author my posts. It actually is a lot easier than I thought it was going to be.&lt;/p&gt;</content><author><name></name></author><summary type="html">Well. Finally got around to putting this old website together. Neat thing about it - powered by Jekyll and I can use Markdown to author my posts. It actually is a lot easier than I thought it was going to be.</summary></entry><entry><title type="html">Hank Quinlan, Horrible Cop, Launches Site</title><link href="http://localhost:4000/blog/2014/04/30/hank-quinlan-site-launched-%E5%89%AF%E6%9C%AC" rel="alternate" type="text/html" title="Hank Quinlan, Horrible Cop, Launches Site" /><published>2014-04-30T00:00:00+08:00</published><updated>2014-04-30T00:00:00+08:00</updated><id>http://localhost:4000/blog/2014/04/30/hank-quinlan-site-launched%20-%20%E5%89%AF%E6%9C%AC</id><content type="html" xml:base="http://localhost:4000/blog/2014/04/30/hank-quinlan-site-launched-%E5%89%AF%E6%9C%AC">&lt;p&gt;Well. Finally got around to putting this old website together. Neat thing about it - powered by &lt;a href=&quot;http://jekyllrb.com&quot;&gt;Jekyll&lt;/a&gt; and I can use Markdown to author my posts. It actually is a lot easier than I thought it was going to be.&lt;/p&gt;</content><author><name></name></author><summary type="html">Well. Finally got around to putting this old website together. Neat thing about it - powered by Jekyll and I can use Markdown to author my posts. It actually is a lot easier than I thought it was going to be.</summary></entry></feed>