{
	"code" : 0 ,
	"data" : [
	 
	{
		"title" : "Redis,Memcache的区别和具体应用场景及选择 - ",
		"url" : "/2017/07/30/memcacheandredis.html"
	}
	
	,
	
    
	{
		"title" : "Git忽略规则及.gitignore规则正确姿势 - ",
		"url" : "/2017/07/16/gitignore.html"
	}
	
	,
	
    
	{
		"title" : "《美丽新世界》之幸福和自由思考 - ",
		"url" : "/2017/07/03/meilideshijie.html"
	}
	
	,
	
    
	{
		"title" : "瓦尔登湖liberxue一些所感所想和笔记书签 - ",
		"url" : "/2017/07/03/waerdenghu.html"
	}
	
	,
	
    
	{
		"title" : "毛姆《寻欢作乐》（百读文库）liberxue一些所感所想和笔记书签 - ",
		"url" : "/2017/06/27/xuanhuanzuole.html"
	}
	
	,
	
    
	{
		"title" : "思考快与慢 - ",
		"url" : "/2017/06/27/sikaobook.html"
	}
	
	,
	
    
	{
		"title" : "看完三体，三体Ⅱ·黑暗森林，三体Ⅲ·死神永生全集一些所感所想 - ",
		"url" : "/2017/06/20/santibook.html"
	}
	
	,
	
    
	{
		"title" : "GitHub当作私密的版本控制系统远端版本库私有化哈 - ",
		"url" : "/2017/03/07/githubyaunchengjiami.html"
	}
	
	,
	
    
	{
		"title" : "liberxue读过书|在读的书 - ",
		"url" : "/1970/01/01/bookindex.html"
	}
	
    
	]
}
