<?xml version="1.0" encoding="utf-8"?>
<feed xmlns="http://www.w3.org/2005/Atom">

	<title>Hank Quinlan's Blog</title>
	<link href="http://hankquinlan.github.io/blog/atom.xml" rel="self"/>
	<link href="http://hankquinlan.github.io/blog"/>
	<updated>2018-01-29T22:47:10+08:00</updated>
	<id>http://hankquinlan.github.io/blog</id>
	<author>
		<name>Hank Quinlan</name>
		<email>hankquinlanhub@gmail.com</email>
	</author>

	
		<entry>
			<title>Hank Quinlan, Horrible Cop, Launches Site</title>
			<link href="http://hankquinlan.github.io/blog/2014/04/30/hank-quinlan-site-launched-%E5%89%AF%E6%9C%AC-(4)"/>
			<updated>2014-04-30T00:00:00+08:00</updated>
			<id>http://hankquinlan.github.io/blog/2014/04/30/hank-quinlan-site-launched - 副本 (4)</id>
			<content type="html">&lt;p&gt;Well. Finally got around to putting this old website together. Neat thing about it - powered by &lt;a href=&quot;http://jekyllrb.com&quot;&gt;Jekyll&lt;/a&gt; and I can use Markdown to author my posts. It actually is a lot easier than I thought it was going to be.&lt;/p&gt;
</content>
		</entry>
	
		<entry>
			<title>Hank Quinlan, Horrible Cop, Launches Site</title>
			<link href="http://hankquinlan.github.io/blog/2014/04/30/hank-quinlan-site-launched-%E5%89%AF%E6%9C%AC-(3)"/>
			<updated>2014-04-30T00:00:00+08:00</updated>
			<id>http://hankquinlan.github.io/blog/2014/04/30/hank-quinlan-site-launched - 副本 (3)</id>
			<content type="html">&lt;p&gt;Well. Finally got around to putting this old website together. Neat thing about it - powered by &lt;a href=&quot;http://jekyllrb.com&quot;&gt;Jekyll&lt;/a&gt; and I can use Markdown to author my posts. It actually is a lot easier than I thought it was going to be.&lt;/p&gt;
</content>
		</entry>
	
		<entry>
			<title>Hank Quinlan, Horrible Cop, Launches Site</title>
			<link href="http://hankquinlan.github.io/blog/2014/04/30/hank-quinlan-site-launched-%E5%89%AF%E6%9C%AC-(2)"/>
			<updated>2014-04-30T00:00:00+08:00</updated>
			<id>http://hankquinlan.github.io/blog/2014/04/30/hank-quinlan-site-launched - 副本 (2)</id>
			<content type="html">&lt;p&gt;Well. Finally got around to putting this old website together. Neat thing about it - powered by &lt;a href=&quot;http://jekyllrb.com&quot;&gt;Jekyll&lt;/a&gt; and I can use Markdown to author my posts. It actually is a lot easier than I thought it was going to be.&lt;/p&gt;
</content>
		</entry>
	
		<entry>
			<title>Hank Quinlan, Horrible Cop, Launches Site</title>
			<link href="http://hankquinlan.github.io/blog/2014/04/30/hank-quinlan-site-launched"/>
			<updated>2014-04-30T00:00:00+08:00</updated>
			<id>http://hankquinlan.github.io/blog/2014/04/30/hank-quinlan-site-launched</id>
			<content type="html">&lt;p&gt;Well. Finally got around to putting this old website together. Neat thing about it - powered by &lt;a href=&quot;http://jekyllrb.com&quot;&gt;Jekyll&lt;/a&gt; and I can use Markdown to author my posts. It actually is a lot easier than I thought it was going to be.&lt;/p&gt;
</content>
		</entry>
	
		<entry>
			<title>Hank Quinlan, Horrible Cop, Launches Site</title>
			<link href="http://hankquinlan.github.io/blog/2014/04/30/hank-quinlan-site-launched-%E5%89%AF%E6%9C%AC"/>
			<updated>2014-04-30T00:00:00+08:00</updated>
			<id>http://hankquinlan.github.io/blog/2014/04/30/hank-quinlan-site-launched - 副本</id>
			<content type="html">&lt;p&gt;Well. Finally got around to putting this old website together. Neat thing about it - powered by &lt;a href=&quot;http://jekyllrb.com&quot;&gt;Jekyll&lt;/a&gt; and I can use Markdown to author my posts. It actually is a lot easier than I thought it was going to be.&lt;/p&gt;
</content>
		</entry>
	

</feed>